{
    "5": {
        "metric_value": {
            "1": 0.551387256842902,
            "2": 0.48362760022835183,
            "3": 0.48277288761014747,
            "4": 0.47930339085516394,
            "5": 0.47779819162412995,
            "6": 0.4753536210626426
        }
    },
    "3": {
        "metric_value": {
            "1": 0.680995604308919,
            "2": 0.6421557668061848,
            "3": 0.628540245695078,
            "4": 0.6227353745566637,
            "5": 0.6164510552971747,
            "6": 0.6141188946052739
        }
    },
    "4": {
        "metric_value": {
            "1": 0.62412546525174,
            "2": 0.5988657012773821,
            "3": 0.5749710564749237,
            "4": 0.5647069024042284,
            "5": 0.5537014777233256,
            "6": 0.5498882735900354
        }
    },
    "7": {
        "metric_value": {
            "1": 0.5261857833423472,
            "2": 0.46713047969698696,
            "3": 0.4426443855271655,
            "4": 0.4348023750142989,
            "5": 0.4266366417240796,
            "6": 0.4266366417240796
        }
    },
    "2": {
        "metric_value": {
            "1": 0.7226703404798114,
            "2": 0.692825225321848,
            "3": 0.684327474783579,
            "4": 0.6858060802296297,
            "5": 0.6796797232575076,
            "6": 0.6796797232575076
        }
    },
    "6": {
        "metric_value": {
            "1": 0.5260791060642394,
            "2": 0.497636442455748,
            "3": 0.48219884848526817,
            "4": 0.47132614507966275,
            "5": 0.4639488159192968,
            "6": 0.46107217254834615
        }
    },
    "8": {
        "metric_value": {
            "1": 0.45456085335736685,
            "2": 0.3957180816070527,
            "3": 0.3907658571428731,
            "4": 0.3758425539252324,
            "5": 0.37408813959590853,
            "6": 0.3736943761492017
        }
    },
    "9": {
        "metric_value": {
            "1": 0.41890540664720477,
            "2": 0.35811814325558916,
            "3": 0.33983661635397644,
            "4": 0.3392562619845405,
            "5": 0.3346370115898842,
            "6": 0.33366699234321845
        }
    },
    "10": {
        "metric_value": {
            "1": 0.38346905015348304,
            "2": 0.34183923263628485,
            "3": 0.3303658666095045,
            "4": 0.32653116865301374,
            "5": 0.3263155252396215,
            "6": 0.3245976377899983
        }
    }
}