{
    "Pandas(dataset='inmates_enriched_10k')": {
        "metric_value": {
            "1": 0.62908375,
            "2": 0.5475712500000001,
            "3": 0.5359325,
            "4": 0.5150716666666667,
            "5": 0.5129916666666666,
            "6": 0.5134345833333334,
            "7": 0.5066179166666667
        }
    },
    "Pandas(dataset='red_wine_quality')": {
        "metric_value": {
            "1": 0.5487283718991036,
            "2": 0.46870700437773605,
            "3": 0.4397331665624349,
            "4": 0.4316890765061497,
            "5": 0.42731394621638524,
            "6": 0.427118511569731,
            "7": 0.427118511569731
        }
    },
    "Pandas(dataset='IBM_HR_Analytics_employee_attrition')": {
        "metric_value": {
            "1": 0.7172964042759962,
            "2": 0.6806608357628765,
            "3": 0.6672478134110787,
            "4": 0.6610942662779398,
            "5": 0.6630242954324588,
            "6": 0.6560738581146744,
            "7": 0.6486316812439261
        }
    },
    "Pandas(dataset='avocado')": {
        "metric_value": {}
    },
    "Pandas(dataset='high_variability_10k')": {
        "metric_value": {}
    },
    "Pandas(dataset='low_variability_10k')": {
        "metric_value": {}
    }
}