{
    "Pandas(dataset='inmates_enriched_10k')": {
        "metric_value": {
            "1": 0.47114108261090976,
            "2": 0.38948614591062447,
            "3": 0.38182177733256445,
            "4": 0.3602523030283227,
            "5": 0.34762306779481417,
            "6": 0.3452603813634786,
            "7": 0.3411457991134925
        }
    },
    "Pandas(dataset='red_wine_quality')": {
        "metric_value": {
            "1": 0.42900999204275364,
            "2": 0.3489519041012853,
            "3": 0.31743753713535305,
            "4": 0.30861466126173853,
            "5": 0.3045478330431787,
            "6": 0.3045478330431787,
            "7": 0.3045478330431787
        }
    },
    "Pandas(dataset='IBM_HR_Analytics_employee_attrition')": {
        "metric_value": {
            "1": 0.49603420148262967,
            "2": 0.4565926015301466,
            "3": 0.45362725759550554,
            "4": 0.44807529659210477,
            "5": 0.4222112455384995,
            "6": 0.42158587642606493,
            "7": 0.4077676288105397
        }
    },
    "Pandas(dataset='avocado')": {
        "metric_value": {}
    },
    "Pandas(dataset='high_variability_10k')": {
        "metric_value": {}
    },
    "Pandas(dataset='low_variability_10k')": {
        "metric_value": {}
    }
}