{
    "Pandas(dataset='inmates_enriched_10k')": {
        "metric_value": {
            "1": 0.5850936643688555,
            "2": 0.5299452814541483,
            "3": 0.5239684545890352,
            "4": 0.5151305278726377,
            "5": 0.5055322513356358,
            "6": 0.5094129748472422,
            "7": 0.5027853539434541
        }
    },
    "Pandas(dataset='red_wine_quality')": {
        "metric_value": {
            "1": 0.5285679498353113,
            "2": 0.48808607677665894,
            "3": 0.46648759243616933,
            "4": 0.46152977002201645,
            "5": 0.45914704678627044,
            "6": 0.4583886969421161,
            "7": 0.45822219309591017
        }
    },
    "Pandas(dataset='IBM_HR_Analytics_employee_attrition')": {
        "metric_value": {
            "1": 0.6422007970640435,
            "2": 0.6399268000612847,
            "3": 0.6313950181028355,
            "4": 0.6135037891240988,
            "5": 0.6128407951376064,
            "6": 0.6070723206080642,
            "7": 0.6058444229027875
        }
    },
    "Pandas(dataset='avocado')": {
        "metric_value": {}
    },
    "Pandas(dataset='high_variability_10k')": {
        "metric_value": {}
    },
    "Pandas(dataset='low_variability_10k')": {
        "metric_value": {}
    }
}