{
    "Pandas(dataset='inmates_enriched_10k')": {
        "metric_value": {
            "1": 0.7420346848243972,
            "2": 0.7038813021943542,
            "3": 0.6963116653030191,
            "4": 0.6871394615872017,
            "5": 0.6792686802636941,
            "6": 0.6812707459020027,
            "7": 0.6771873362755209,
            "8": 0.670249235876533,
            "9": 0.6709527640765424
        }
    },
    "Pandas(dataset='IBM_HR_Analytics_employee_attrition')": {
        "metric_value": {}
    },
    "Pandas(dataset='red_wine_quality')": {
        "metric_value": {}
    },
    "Pandas(dataset='avocado')": {
        "metric_value": {}
    },
    "Pandas(dataset='high_variability_10k')": {
        "metric_value": {}
    },
    "Pandas(dataset='low_variability_10k')": {
        "metric_value": {}
    }
}